date,signal,gross,net,turnover,gross_cum,net_cum
2024-05-22,pred_RandomForest,0.18055201105547086,0.17855201105547086,1.0,1.1805520110554708,1.1785520110554708
2024-06-21,pred_RandomForest,-0.061972946287677154,-0.06297294628767715,0.5,1.1073897246845208,1.1043351185660408
2024-07-22,pred_RandomForest,0.013946730912401499,0.011946730912401499,1.0,1.1228341911898543,1.1175283130646643
2024-08-19,pred_RandomForest,-0.040034309760311054,-0.04303430976031106,1.5,1.0778822993702912,1.0694362534743216
2024-09-17,pred_RandomForest,-0.029641245093406654,-0.03264124509340666,1.5,1.0459325259528116,1.0345285226128917
2024-10-15,pred_RandomForest,0.14553256742897341,0.1435325674289734,1.0,1.1981497718121956,1.183017057542023
2024-11-12,pred_RandomForest,-0.11421264772929005,-0.11621264772929005,1.0,1.06130591399728,1.0455355129761505
2024-12-11,pred_RandomForest,0.04034275309029171,0.04034275309029171,0.0,1.1041219164389386,1.087715294023279
2025-02-10,pred_RandomForest,-0.021004683096018717,-0.024004683096018716,1.5,1.08093018548477,1.0616050330915574
2025-03-11,pred_RandomForest,-0.04322558022522749,-0.04422558022522749,0.5,1.034206351034228,1.0146549345330615
2025-04-08,pred_RandomForest,-0.06860941280423963,-0.07160941280423963,1.5,0.9632500605713544,0.9419960904722249
2025-05-07,pred_RandomForest,0.06456639565715834,0.06256639565715834,1.0,1.0254436450989861,1.0009333905762063
2025-06-05,pred_RandomForest,0.04797170377979369,0.04497170377979369,1.5,1.0746359238845467,1.045947070520504
2025-07-07,pred_RandomForest,0.07206523671730555,0.07106523671730555,0.5,1.152079816124207,1.120277546680816
2025-08-04,pred_RandomForest,0.007520606216612749,0.004520606216612749,1.5,1.1607441547513846,1.125341880322673
2025-09-29,pred_RandomForest,0.0368032688500549,0.0358032688500549,0.5,1.2034633339448295,1.165632798212092
2025-10-27,pred_RandomForest,0.13160372264634418,0.13060372264634418,0.5,1.3618435887603497,1.317868780897266
2025-11-24,pred_RandomForest,-0.016475032843753103,-0.017475032843753104,0.5,1.3394071709074684,1.2948389806673295
2025-12-23,pred_RandomForest,-0.0029291102475643045,-0.0039291102475643045,0.5,1.3354838996375022,1.2897514155594438
2026-01-23,pred_RandomForest,-0.0455138885576507,-0.0465138885576507,0.5,1.2747008342588642,1.2297600619490396
2026-02-23,pred_RandomForest,0.035277293769856256,0.033277293769856255,1.0,1.3196688300576949,1.2706831487969543
2026-03-23,pred_RandomForest,-0.06324672769855809,-0.06424672769855809,0.5,1.236204094910761,1.18904591454505
2024-05-22,pred_GradientBoosting,-0.15906129093153604,-0.16106129093153604,1.0,0.8409387090684639,0.8389387090684639
2024-06-21,pred_GradientBoosting,0.036977483114659,0.035977483114659,0.5,0.8720345059835062,0.8691216123082085
2024-07-22,pred_GradientBoosting,-0.053482326277595645,-0.055482326277595646,1.0,0.8253960720091744,0.8209007234392145
2024-08-19,pred_GradientBoosting,0.07788811940272285,0.07488811940272284,1.5,0.8896846198203634,0.882376434833912
2024-09-17,pred_GradientBoosting,-0.06852942086459006,-0.07152942086459006,1.5,0.828715048071941,0.8192605594656807
2024-10-15,pred_GradientBoosting,0.13414188975655575,0.13014188975655575,2.0,0.9398804506900061,0.9258806768775575
2024-11-12,pred_GradientBoosting,-0.11421264772929005,-0.11621264772929005,1.0,0.832534215867702,0.8182816319362293
2024-12-11,pred_GradientBoosting,0.027567817756049502,0.0265678177560495,0.5,0.8554853674064183,0.8400215892066338
2025-02-10,pred_GradientBoosting,-0.0022554655325631168,-0.005255465532563117,1.5,0.8535558496466211,0.8356068846979495
2025-03-11,pred_GradientBoosting,-0.02195748510263429,-0.02395748510263429,1.0,0.834813909793739,0.8155878452061398
2025-04-08,pred_GradientBoosting,-0.03465461497038458,-0.03765461497038458,1.5,0.8058837551779157,0.784877198920377
2025-05-07,pred_GradientBoosting,0.12413253851819955,0.12213253851819955,1.0,0.9059201514587295,0.8807362436495765
2025-06-05,pred_GradientBoosting,0.03093638923834914,0.02893638923834914,1.0,0.933946049883121,0.9062215704121421
2025-07-07,pred_GradientBoosting,0.07893489866725556,0.07593489866725556,1.5,1.0076669866913288,0.9750354135314693
2025-08-04,pred_GradientBoosting,0.025200574636365596,0.021200574636365595,2.0,1.033060773798045,0.9957067245891427
2025-09-29,pred_GradientBoosting,0.0368032688500549,0.0368032688500549,0.0,1.0710807871945802,1.0323519868700044
2025-10-27,pred_GradientBoosting,0.13160372264634418,0.13060372264634418,0.5,1.2120390060443638,1.1671809994365767
2025-11-24,pred_GradientBoosting,0.0227956562649164,0.0197956562649164,1.5,1.239668230605822,1.1902861133003648
2025-12-23,pred_GradientBoosting,-0.0029291102475643045,-0.0039291102475643045,0.5,1.2360371056879746,1.185609347935063
2026-01-23,pred_GradientBoosting,-0.11401473188550684,-0.11401473188550684,0.0,1.0951106664824224,1.0504324160092962
2026-02-23,pred_GradientBoosting,0.004902909555188052,0.002902909555188052,1.0,1.1004798950331074,1.0534817263068088
2026-03-23,pred_GradientBoosting,0.05096703880592526,0.04896703880592526,1.0,1.1565680965484004,1.1050676068802074
2024-05-22,pred_Ensemble,-0.008743135349843,-0.010743135349843,1.0,0.991256864650157,0.989256864650157
2024-06-21,pred_Ensemble,-0.01031465362957295,-0.01231465362957295,1.0,0.9810323934333542,0.977074509011313
2024-07-22,pred_Ensemble,-0.053482326277595645,-0.054482326277595645,0.5,0.928564498878861,0.923841216813837
2024-08-19,pred_Ensemble,0.07788811940272285,0.07488811940272284,1.5,1.0008886414406672,0.9930259481677485
2024-09-17,pred_Ensemble,-0.06852942086459006,-0.07152942086459006,1.5,0.932298322492792,0.921995377191799
2024-10-15,pred_Ensemble,0.14553256742897341,0.1425325674289734,1.5,1.067978090974893,1.0534097454605909
2024-11-12,pred_Ensemble,-0.11421264772929005,-0.11621264772929005,1.0,0.9460014854877778,0.930990209796778
2024-12-11,pred_Ensemble,0.027567817756049502,0.0265678177560495,0.5,0.972080682036657,0.9557245880233252
2025-02-10,pred_Ensemble,-0.0022554655325631168,-0.005255465532563117,1.5,0.969888187563453,0.9507018103923456
2025-03-11,pred_Ensemble,-0.02195748510263429,-0.02395748510263429,1.0,0.9485918821338075,0.9279253859328235
2025-04-08,pred_Ensemble,-0.02931463126978473,-0.03231463126978473,1.5,0.9207842608835438,0.8979398192405316
2025-05-07,pred_Ensemble,0.12413253851819955,0.12213253851819955,1.0,1.0350835486146222,1.007607488800951
2025-06-05,pred_Ensemble,0.053275742613699786,0.050275742613699784,1.5,1.0902283933342898,1.0582657035635439
2025-07-07,pred_Ensemble,0.07206523671730555,0.07006523671730555,1.0,1.168795960575853,1.1324133405935295
2025-08-04,pred_Ensemble,0.007520606216612749,0.004520606216612749,1.5,1.1775860147429116,1.137532535380792
2025-09-29,pred_Ensemble,0.0368032688500549,0.0358032688500549,0.5,1.2209250294375595,1.178259918570715
2025-10-27,pred_Ensemble,0.13160372264634418,0.13060372264634418,0.5,1.3816033083836399,1.3321450501810286
2025-11-24,pred_Ensemble,0.0227956562649164,0.0197956562649164,1.5,1.4130978624960244,1.358515735689422
2025-12-23,pred_Ensemble,-0.0029291102475643045,-0.0039291102475643045,0.5,1.408958743066176,1.3531779775908475
2026-01-23,pred_Ensemble,-0.11401473188550684,-0.11401473188550684,0.0,1.2483166897377453,1.1988957532824547
2026-02-23,pred_Ensemble,0.004902909555188052,0.002902909555188052,1.0,1.254437073563761,1.2023760392203326
2026-03-23,pred_Ensemble,0.030113359362383962,0.02811335936238396,1.0,1.2922123879574838,1.2361788688996536
2024-05-22,lstm_pred,0.11583672904827577,0.11383672904827577,1.0,1.1158367290482758,1.1138367290482758
2024-06-21,lstm_pred,-0.04964738418918841,-0.05064738418918841,0.5,1.0604383542688087,1.0574238123081388
2024-07-22,lstm_pred,-0.04941020498043015,-0.052410204980430156,1.5,1.0080418778152769,1.0020040135538812
2024-08-19,lstm_pred,-0.08123986377023304,-0.08123986377023304,0.0,0.9261486929868739,0.9206013439955372
2024-09-17,lstm_pred,-0.0008693398418452847,-0.0018693398418452847,0.5,0.9253435550285873,0.91888042722475
2024-10-15,lstm_pred,0.0257685561032881,0.0227685561032881,1.5,0.9491883223411576,0.9398020077842302
2024-11-12,lstm_pred,-0.024355751758196004,-0.027355751758196004,1.5,0.9260701271904378,0.9140930173574305
2024-12-11,lstm_pred,0.026881948918138297,0.023881948918138298,1.5,0.950964697044185,0.9359233401043876
2025-02-10,lstm_pred,0.05905264402450015,0.05605264402450015,1.5,1.0071216767786018,0.9883843179214801
2025-03-11,lstm_pred,-0.005862570970113057,-0.005862570970113057,0.0,1.001217354472948,0.9825898447119187
2025-04-08,lstm_pred,0.11218197799957222,0.11018197799957222,1.0,1.113535897705222,1.0908535373645705
2025-05-07,lstm_pred,0.04398878563338654,0.04198878563338654,1.0,1.1625189896044577,1.1366571527023928
2025-06-05,lstm_pred,0.06479582158868864,0.06179582158868864,1.5,1.2378453626483306,1.2068978153182968
2025-07-07,lstm_pred,0.0959840282739973,0.0949840282739973,0.5,1.3566587469356042,1.3215338315323155
2025-08-04,lstm_pred,-0.12626632805938204,-0.12826632805938204,1.0,1.1853584285304029,1.1520255395554193
2025-09-29,lstm_pred,0.0649226119494399,0.0629226119494399,1.0,1.26231499380688,1.224513995536709
2025-10-27,lstm_pred,0.11698983601705626,0.11598983601705626,0.5,1.4099930179342184,1.3665451730796023
2025-11-24,lstm_pred,-0.016475032843753103,-0.016475032843753103,0.0,1.3867633366542895,1.3440312964706436
2025-12-23,lstm_pred,0.01904201535069565,0.018042015350695648,0.5,1.4131701053986423,1.3682803297533823
2026-01-23,lstm_pred,0.07753027940891494,0.07653027940891494,0.5,1.5227335785225249,1.472995205699131
2026-02-23,lstm_pred,-0.0170417799598876,-0.0190417799598876,1.0,1.4967834879398116,1.4449467551102386
2026-03-23,lstm_pred,-0.13067760992626481,-0.13267760992626482,1.0,1.3011873991587388,1.2532346731715003
2024-05-22,pred_final_gb_lstm,-0.13670458686102466,-0.13870458686102466,1.0,0.8632954131389754,0.8612954131389754
2024-06-21,pred_final_gb_lstm,-0.01031465362957295,-0.01231465362957295,1.0,0.8543908199724478,0.850688858453429
2024-07-22,pred_final_gb_lstm,-0.053482326277595645,-0.054482326277595645,0.5,0.8086960113700988,0.804341350506454
2024-08-19,pred_final_gb_lstm,0.07788811940272285,0.07488811940272284,1.5,0.8716838228641988,0.8645769616037287
2024-09-17,pred_final_gb_lstm,-0.06852942086459006,-0.07152942086459006,1.5,0.8119478353062833,0.8027342722473471
2024-10-15,pred_final_gb_lstm,0.13414188975655575,0.13014188975655575,2.0,0.9208640523180129,0.9072036274099704
2024-11-12,pred_final_gb_lstm,-0.13627251030409698,-0.13827251030409698,1.0,0.7953755962598341,0.7817623044910111
2024-12-11,pred_final_gb_lstm,0.027567817756049502,0.0255678177560495,1.0,0.8173023657451344,0.8017502606207866
2025-02-10,pred_final_gb_lstm,-0.0022554655325631168,-0.005255465532563117,1.5,0.8154589684295139,0.7975366897603706
2025-03-11,pred_final_gb_lstm,-0.02195748510263429,-0.02395748510263429,1.0,0.7975535402784134,0.7784297163966323
2025-04-08,pred_final_gb_lstm,0.008993945263237713,0.0059939452632377125,1.5,0.8047266931641789,0.7830955815079914
2025-05-07,pred_final_gb_lstm,0.11701699595960774,0.11401699595960774,1.5,0.8988933933667601,0.8723817872607748
2025-06-05,pred_final_gb_lstm,0.043738376113670444,0.04173837611367044,1.0,0.938209530691929,0.908793586412181
2025-07-07,pred_final_gb_lstm,0.1095975524041688,0.1085975524041688,0.5,1.0410349988980283,1.0074863455371503
2025-08-04,pred_final_gb_lstm,0.007520606216612749,0.004520606216612749,1.5,1.0488642131824522,1.012040794573938
2025-09-29,pred_final_gb_lstm,0.0368032688500549,0.0358032688500549,0.5,1.087465844807407,1.048275163229292
2025-10-27,pred_final_gb_lstm,0.13160372264634418,0.13060372264634418,0.5,1.2305803982348134,1.1851838019047414
2025-11-24,pred_final_gb_lstm,0.0227956562649164,0.0197956562649164,1.5,1.258632285999318,1.2086452930579945
2025-12-23,pred_final_gb_lstm,-0.0029291102475643045,-0.0039291102475643045,0.5,1.254945613272482,1.20389639245137
2026-01-23,pred_final_gb_lstm,-0.11401473188550684,-0.11401473188550684,0.0,1.111863325644327,1.0666344680480981
2026-02-23,pred_final_gb_lstm,0.004902909555188052,0.002902909555188052,1.0,1.1173146909676919,1.0697308114372879
2026-03-23,pred_final_gb_lstm,0.05096703880592526,0.04896703880592526,1.0,1.1742609121806726,1.1221123615928315
2024-05-22,pred_final_ens_lstm,0.0136135687206684,0.0116135687206684,1.0,1.0136135687206684,1.0116135687206684
2024-06-21,pred_final_ens_lstm,-0.01031465362957295,-0.01231465362957295,1.0,1.0031584958450794,0.9991558980148972
2024-07-22,pred_final_ens_lstm,-0.053482326277595645,-0.054482326277595645,0.5,0.9495072458621509,0.9447195603770655
2024-08-19,pred_final_ens_lstm,0.07788811940272285,0.07488811940272284,1.5,1.0234625796016126,1.015467831616671
2024-09-17,pred_final_ens_lstm,-0.06852942086459006,-0.07152942086459006,1.5,0.9533252817449347,0.9428320057145095
2024-10-15,pred_final_ens_lstm,0.14553256742897341,0.1425325674289734,1.5,1.0920651575922244,1.0772162721432073
2024-11-12,pred_final_ens_lstm,-0.10312891890136429,-0.10612891890136429,1.5,0.9794416585198903,0.9628924737576908
2024-12-11,pred_final_ens_lstm,0.027567817756049502,0.0265678177560495,0.5,1.0064427276646495,0.9884744255191569
2025-02-10,pred_final_ens_lstm,-0.0022554655325631168,-0.005255465532563117,1.5,1.004172730781903,0.9832795322460208
2025-03-11,pred_final_ens_lstm,-0.020249816282489647,-0.02224981628248965,1.0,0.9838384174676835,0.9614017432992145
2025-04-08,pred_final_ens_lstm,-0.02931463126978473,-0.033314631269784734,2.0,0.9549975570305699,0.9293729987190729
2025-05-07,pred_final_ens_lstm,0.11701699595960774,0.11401699595960774,1.5,1.0667485023030512,1.035337316158994
2025-06-05,pred_final_ens_lstm,0.043738376113670444,0.04173837611367044,1.0,1.1134063495154767,1.0785506144653563
2025-07-07,pred_final_ens_lstm,0.152553867023331,0.150553867023331,1.0,1.2832607937023932,1.2409305802535056
2025-08-04,pred_final_ens_lstm,0.007520606216612749,0.004520606216612749,1.5,1.2929116928050468,1.2465403387489844
2025-09-29,pred_final_ens_lstm,0.0368032688500549,0.0358032688500549,0.5,1.3404950694347304,1.2911705576296528
2025-10-27,pred_final_ens_lstm,0.13160372264634418,0.13060372264634418,0.5,1.5169092107614106,1.4598022390274414
2025-11-24,pred_final_ens_lstm,0.0227956562649164,0.0197956562649164,1.5,1.5514881517150132,1.488699982365984
2025-12-23,pred_final_ens_lstm,-0.0029291102475643045,-0.0039291102475643045,0.5,1.5469436718708502,1.4828507160097213
2026-01-23,pred_final_ens_lstm,-0.11401473188550684,-0.11401473188550684,0.0,1.3705693038805138,1.3137838891976412
2026-02-23,pred_final_ens_lstm,0.004902909555188052,0.002902909555188052,1.0,1.377289081216557,1.317597685003045
2026-03-23,pred_final_ens_lstm,-0.04239304825501679,-0.04439304825501679,1.0,1.3189015987354358,1.2591055073920066
2024-05-22,pred_dynamic_gb_lstm,-0.15906129093153604,-0.16106129093153604,1.0,0.8409387090684639,0.8389387090684639
2024-06-21,pred_dynamic_gb_lstm,0.036977483114659,0.035977483114659,0.5,0.8720345059835062,0.8691216123082085
2024-07-22,pred_dynamic_gb_lstm,-0.053482326277595645,-0.055482326277595646,1.0,0.8253960720091744,0.8209007234392145
2024-08-19,pred_dynamic_gb_lstm,0.07788811940272285,0.07488811940272284,1.5,0.8896846198203634,0.882376434833912
2024-09-17,pred_dynamic_gb_lstm,-0.06852942086459006,-0.07152942086459006,1.5,0.828715048071941,0.8192605594656807
2024-10-15,pred_dynamic_gb_lstm,0.13414188975655575,0.13014188975655575,2.0,0.9398804506900061,0.9258806768775575
2024-11-12,pred_dynamic_gb_lstm,-0.13627251030409698,-0.13827251030409698,1.0,0.811800582288733,0.7978568314436412
2024-12-11,pred_dynamic_gb_lstm,0.027567817756049502,0.0255678177560495,1.0,0.8341801527955236,0.8182562895054113
2025-02-10,pred_dynamic_gb_lstm,-0.0022554655325631168,-0.005255465532563117,1.5,0.8322986882129451,0.8139559717791126
2025-03-11,pred_dynamic_gb_lstm,-0.020249816282489647,-0.02224981628248965,1.0,0.8154447926844758,0.795845600944992
2025-04-08,pred_dynamic_gb_lstm,0.008993945263237713,0.0049939452632377125,2.0,0.8227788585150722,0.7998200103140998
2025-05-07,pred_dynamic_gb_lstm,0.11701699595960774,0.11401699595960774,1.5,0.919057968877581,0.891013085198496
2025-06-05,pred_dynamic_gb_lstm,0.043738376113670444,0.04173837611367044,1.0,0.9592560719906147,0.9282025244707127
2025-07-07,pred_dynamic_gb_lstm,0.152553867023331,0.150553867023331,1.0,1.105594295238394,1.0679470039105965
2025-08-04,pred_dynamic_gb_lstm,0.007520606216612749,0.004520606216612749,1.5,1.1139090345682152,1.0727747717754876
2025-09-29,pred_dynamic_gb_lstm,0.0368032688500549,0.0358032688500549,0.5,1.1549045282419341,1.1111836153449217
2025-10-27,pred_dynamic_gb_lstm,0.13160372264634418,0.13060372264634418,0.5,1.3068942634596927,1.2563083320525918
2025-11-24,pred_dynamic_gb_lstm,0.0227956562649164,0.0197956562649164,1.5,1.3366857758641109,1.2811777799566555
2025-12-23,pred_dynamic_gb_lstm,-0.0029291102475643045,-0.0039291102475643045,0.5,1.3327704758602539,1.276143891212476
2026-01-23,pred_dynamic_gb_lstm,-0.11401473188550684,-0.11401473188550684,0.0,1.1808150073901278,1.1306446876085583
2026-02-23,pred_dynamic_gb_lstm,0.004902909555188052,0.002902909555188052,1.0,1.1866044365727701,1.1339268468757397
2026-03-23,pred_dynamic_gb_lstm,0.05096703880592526,0.04896703880592526,1.0,1.2470821509388577,1.1894518867897848
2024-05-22,pred_dynamic_ens_lstm,0.0136135687206684,0.0116135687206684,1.0,1.0136135687206684,1.0116135687206684
2024-06-21,pred_dynamic_ens_lstm,-0.01031465362957295,-0.01231465362957295,1.0,1.0031584958450794,0.9991558980148972
2024-07-22,pred_dynamic_ens_lstm,-0.053482326277595645,-0.054482326277595645,0.5,0.9495072458621509,0.9447195603770655
2024-08-19,pred_dynamic_ens_lstm,0.07788811940272285,0.07488811940272284,1.5,1.0234625796016126,1.015467831616671
2024-09-17,pred_dynamic_ens_lstm,-0.06852942086459006,-0.07152942086459006,1.5,0.9533252817449347,0.9428320057145095
2024-10-15,pred_dynamic_ens_lstm,0.14553256742897341,0.1425325674289734,1.5,1.0920651575922244,1.0772162721432073
2024-11-12,pred_dynamic_ens_lstm,-0.10312891890136429,-0.10612891890136429,1.5,0.9794416585198903,0.9628924737576908
2024-12-11,pred_dynamic_ens_lstm,0.027567817756049502,0.0265678177560495,0.5,1.0064427276646495,0.9884744255191569
2025-02-10,pred_dynamic_ens_lstm,-0.0022554655325631168,-0.005255465532563117,1.5,1.004172730781903,0.9832795322460208
2025-03-11,pred_dynamic_ens_lstm,-0.020249816282489647,-0.02224981628248965,1.0,0.9838384174676835,0.9614017432992145
2025-04-08,pred_dynamic_ens_lstm,0.09369981235590594,0.09069981235590593,1.5,1.0760238925729368,1.0486007010150942
2025-05-07,pred_dynamic_ens_lstm,0.04398878563338654,0.04198878563338654,1.0,1.12335687691973,1.0926301710650357
2025-06-05,pred_dynamic_ens_lstm,0.043738376113670444,0.04073837611367044,1.5,1.1724906825123234,1.1371421499270271
2025-07-07,pred_dynamic_ens_lstm,0.07206523671730555,0.07106523671730555,0.5,1.2569865010964092,1.2179534259928169
2025-08-04,pred_dynamic_ens_lstm,0.007520606216612749,0.004520606216612749,1.5,1.266439801590753,1.2234593138219048
2025-09-29,pred_dynamic_ens_lstm,0.0368032688500549,0.0358032688500549,0.5,1.3130489260911076,1.267263156561774
2025-10-27,pred_dynamic_ens_lstm,0.13160372264634418,0.13060372264634418,0.5,1.4858510527814819,1.4327724423812984
2025-11-24,pred_dynamic_ens_lstm,0.0227956562649164,0.0197956562649164,1.5,1.5197220026415525,1.4611351131565233
2025-12-23,pred_dynamic_ens_lstm,-0.0029291102475643045,-0.0039291102475643045,0.5,1.5152705693501662,1.4553941522103442
2026-01-23,pred_dynamic_ens_lstm,-0.11401473188550684,-0.11401473188550684,0.0,1.3425074016517078,1.2894577781583474
2026-02-23,pred_dynamic_ens_lstm,0.004902909555188052,0.002902909555188052,1.0,1.3490895940191765,1.2932009574635748
2026-03-23,pred_dynamic_ens_lstm,-0.04239304825501679,-0.04439304825501679,1.0,1.2918975737595806,1.2357918249554605
2024-05-22,pred_RandomForest_sn_sm,0.2106295749841347,0.2086295749841347,1.0,1.2106295749841347,1.2086295749841347
2024-06-21,pred_RandomForest_sn_sm,0.013538359119392752,0.011538359119392752,1.0,1.2270195129308277,1.2225751770626205
2024-07-22,pred_RandomForest_sn_sm,-0.0009632577281211939,-0.002963257728121194,1.0,1.2258375769024414,1.2189523717209805
2024-08-19,pred_RandomForest_sn_sm,-0.0022296696732077986,-0.006229669673207799,2.0,1.2231043640329435,1.2113587010977855
2024-09-17,pred_RandomForest_sn_sm,0.004855307185010607,0.002855307185010607,1.0,1.2290429114396506,1.214817502300655
2024-10-15,pred_RandomForest_sn_sm,0.07190221653352685,0.06990221653352685,1.0,1.3174138209869806,1.2997359383951936
2024-11-12,pred_RandomForest_sn_sm,-0.10312891890136429,-0.10512891890136429,1.0,1.1815503578828777,1.1630961043344568
2024-12-11,pred_RandomForest_sn_sm,0.027567817756049502,0.0265678177560495,0.5,1.2141231228185878,1.1939970296671858
2025-02-10,pred_RandomForest_sn_sm,-0.021004683096018717,-0.024004683096018716,1.5,1.188620851384235,1.1653355093524373
2025-03-11,pred_RandomForest_sn_sm,-0.060049121391105145,-0.06204912139110515,1.0,1.1172452135914641,1.0930274648712626
2025-04-08,pred_RandomForest_sn_sm,-0.08268721547184213,-0.08568721547184213,1.5,1.0248633178803426,0.9993689849721974
2025-05-07,pred_RandomForest_sn_sm,0.04037681435233055,0.03837681435233055,1.0,1.0662440338029109,1.0377215829779525
2025-06-05,pred_RandomForest_sn_sm,0.027835237660352563,0.026835237660352562,0.5,1.095923189887748,1.065569088282443
2025-07-07,pred_RandomForest_sn_sm,0.14348755004315245,0.14148755004315244,1.0,1.2531745234402174,1.2163338479852415
2025-08-04,pred_RandomForest_sn_sm,0.039145475952229655,0.03614547595222965,1.5,1.3022306366114933,1.260298813837475
2025-09-29,pred_RandomForest_sn_sm,-0.01844642322111335,-0.01944642322111335,0.5,1.2782091391570578,1.2357905097185244
2025-10-27,pred_RandomForest_sn_sm,0.13160372264634418,0.12860372264634418,1.5,1.4464262201907057,1.3947177696793498
2025-11-24,pred_RandomForest_sn_sm,0.0027257524685850854,0.0007257524685850853,1.0,1.4503688200310167,1.395729989543674
2025-12-23,pred_RandomForest_sn_sm,-0.015008402600023854,-0.017008402600023856,1.0,1.4286011008614696,1.3719908519605881
2026-01-23,pred_RandomForest_sn_sm,0.002247279011724451,0.0002472790117244508,1.0,1.431811566131562,1.372330116502556
2026-02-23,pred_RandomForest_sn_sm,0.03980933162511956,0.037809331625119555,1.0,1.4888110275923752,1.4242170009765402
2026-03-23,pred_RandomForest_sn_sm,-0.06954109867773084,-0.07154109867773084,1.0,1.3852774730100799,1.3223269519711758
2024-05-22,pred_GradientBoosting_sn_sm,0.0117645892403646,0.0097645892403646,1.0,1.0117645892403646,1.0097645892403646
2024-06-21,pred_GradientBoosting_sn_sm,-0.012413726231146255,-0.013413726231146256,0.5,0.9992048206191666,0.9962198834823885
2024-07-22,pred_GradientBoosting_sn_sm,-0.046081705832881195,-0.0480817058328812,1.0,0.9531597580085973,0.9483199320999212
2024-08-19,pred_GradientBoosting_sn_sm,0.03480564874901535,0.03180564874901535,1.5,0.986335101747541,0.9784818627619812
2024-09-17,pred_GradientBoosting_sn_sm,-0.06852942086459006,-0.07052942086459006,1.0,0.9187421284463656,0.9094701036548735
2024-10-15,pred_GradientBoosting_sn_sm,0.08135270199531591,0.07835270199531591,1.5,0.9934842830324051,0.9807295436601928
2024-11-12,pred_GradientBoosting_sn_sm,-0.10312891890136429,-0.10612891890136429,1.5,0.8910273229777761,0.8766457774569082
2024-12-11,pred_GradientBoosting_sn_sm,0.027567817756049502,0.0265678177560495,0.5,0.915591001833288,0.8999363427089937
2025-02-10,pred_GradientBoosting_sn_sm,0.054997269362384194,0.05099726936238419,2.0,0.9659460067868885,0.945830638787123
2025-03-11,pred_GradientBoosting_sn_sm,-0.02983285925560844,-0.03083285925560844,0.5,0.9371290755178983,0.9166679758217575
2025-04-08,pred_GradientBoosting_sn_sm,0.01486527732960019,0.011865277329600191,1.5,0.9510597591191036,0.927544495574046
2025-05-07,pred_GradientBoosting_sn_sm,0.09372535682009239,0.09272535682009239,0.5,1.0401981743997728,1.0135513898926618
2025-06-05,pred_GradientBoosting_sn_sm,0.04636244406069864,0.04436244406069864,1.0,1.088424304072423,1.0585150067294185
2025-07-07,pred_GradientBoosting_sn_sm,0.014394736645857553,0.011394736645857554,1.5,1.1040918852884962,1.0705765064667883
2025-08-04,pred_GradientBoosting_sn_sm,-0.05925109986740024,-0.062251099867400246,1.5,1.0386732267304812,1.0039319414470318
2025-09-29,pred_GradientBoosting_sn_sm,-0.00021970343079944984,-0.00221970343079945,1.0,1.038445026659089,1.0017035102723126
2025-10-27,pred_GradientBoosting_sn_sm,0.151453500617185,0.150453500617185,0.5,1.1957211611451142,1.1524133099733045
2025-11-24,pred_GradientBoosting_sn_sm,0.03471361589826784,0.030713615898267838,2.0,1.2372289662545366,1.1878080897318761
2025-12-23,pred_GradientBoosting_sn_sm,0.0558146728784703,0.052814672878470297,1.5,1.3062844962818014,1.2505417854334657
2026-01-23,pred_GradientBoosting_sn_sm,-0.0803510313777796,-0.0833510313777796,1.5,1.2013231897327554,1.1463078378365763
2026-02-23,pred_GradientBoosting_sn_sm,0.009434947410451353,0.0074349474104513525,1.0,1.2126576108508396,1.1548305763270794
2026-03-23,pred_GradientBoosting_sn_sm,0.07327398361191143,0.07027398361191142,1.5,1.3015138647551836,1.2359851213224229
2024-05-22,pred_Ensemble_sn_sm,0.07794845144531155,0.07594845144531155,1.0,1.0779484514453115,1.0759484514453115
2024-06-21,pred_Ensemble_sn_sm,-0.01031465362957295,-0.01031465362957295,0.0,1.0668297865381187,1.0648504158453778
2024-07-22,pred_Ensemble_sn_sm,-0.046081705832881195,-0.0480817058328812,1.0,1.0176684501411137,1.0136505913946792
2024-08-19,pred_Ensemble_sn_sm,0.07594460277269494,0.07194460277269493,2.0,1.0949548763413846,1.0865772805428766
2024-09-17,pred_Ensemble_sn_sm,-0.06852942086459006,-0.07152942086459006,1.5,1.0199182527928508,1.0088550369410234
2024-10-15,pred_Ensemble_sn_sm,0.07190221653352685,0.06990221653352685,1.0,1.0932526358516585,1.079376240184214
2024-11-12,pred_Ensemble_sn_sm,-0.10312891890136429,-0.10512891890136429,1.0,0.98050667343021,0.9659025829658282
2024-12-11,pred_Ensemble_sn_sm,0.027567817756049502,0.0265678177560495,0.5,1.0075371027119244,0.9915645067601618
2025-02-10,pred_Ensemble_sn_sm,0.054997269362384194,0.05099726936238419,2.0,1.0629488921423682,1.0421315890015894
2025-03-11,pred_Ensemble_sn_sm,-0.02983285925560844,-0.03083285925560844,0.5,1.03123808744718,1.0099996923920798
2025-04-08,pred_Ensemble_sn_sm,-0.023443299203422252,-0.02644329920342225,1.5,1.007062464413191,0.9832919683307916
2025-05-07,pred_Ensemble_sn_sm,0.09372535682009239,0.09172535682009239,1.0,1.1014497532304388,1.0734847749842644
2025-06-05,pred_Ensemble_sn_sm,0.020649112652668666,0.017649112652668667,1.5,1.1241937132661481,1.0924308287088864
2025-07-07,pred_Ensemble_sn_sm,0.1095975524041688,0.1065975524041688,1.5,1.247402592668272,1.2088812812201115
2025-08-04,pred_Ensemble_sn_sm,-0.05925109986740024,-0.061251099867400245,1.0,1.17349261707523,1.1348359731362676
2025-09-29,pred_Ensemble_sn_sm,-0.00021970343079944984,-0.00221970343079945,1.0,1.1732347967212406,1.1323169738333023
2025-10-27,pred_Ensemble_sn_sm,0.151453500617185,0.150453500617185,0.5,1.3509253137305641,1.3026780263547801
2025-11-24,pred_Ensemble_sn_sm,0.03471361589826784,0.030713615898267838,2.0,1.397820816178654,1.3426879788953545
2025-12-23,pred_Ensemble_sn_sm,0.0558146728784703,0.052814672878470297,1.5,1.475839727776382,1.413601605278567
2026-01-23,pred_Ensemble_sn_sm,-0.0803510313777796,-0.0833510313777796,1.5,1.3572544835012483,1.2957764535213134
2026-02-23,pred_Ensemble_sn_sm,0.009434947410451353,0.0074349474104513525,1.0,1.370060108175682,1.3054104833089455
2026-03-23,pred_Ensemble_sn_sm,0.052420304168370124,0.05042030416837012,1.0,1.4418790757752014,1.3712296769419616
2024-05-22,lstm_pred_sn_sm,0.11583672904827577,0.11383672904827577,1.0,1.1158367290482758,1.1138367290482758
2024-06-21,lstm_pred_sn_sm,-0.04964738418918841,-0.05064738418918841,0.5,1.0604383542688087,1.0574238123081388
2024-07-22,lstm_pred_sn_sm,0.01596970435736255,0.012969704357362551,1.5,1.0773732412756898,1.0711382865342105
2024-08-19,lstm_pred_sn_sm,-0.05808700359795805,-0.06008700359795805,1.0,1.014791857933365,1.0067767964573189
2024-09-17,lstm_pred_sn_sm,0.017964749395979515,0.015964749395979513,1.0,1.0330223393502185,1.0228497357104471
2024-10-15,lstm_pred_sn_sm,0.03644114567035431,0.034441145670354306,1.0,1.0706668568992102,1.058077852456934
2024-11-12,lstm_pred_sn_sm,-0.0574993431609287,-0.060499343160928705,1.5,1.0091042158833294,0.9940648373701635
2024-12-11,lstm_pred_sn_sm,-0.06813000438376304,-0.06913000438376304,0.5,0.9403539412315244,0.9253451308050193
2025-02-10,lstm_pred_sn_sm,-0.026706732432820957,-0.029706732432820956,1.5,0.9152401601309054,0.897856150596181
2025-03-11,lstm_pred_sn_sm,-0.01941711965993831,-0.02041711965993831,0.5,0.8974688324240625,0.8795245141320471
2025-04-08,lstm_pred_sn_sm,0.11218197799957222,0.11018197799957222,1.0,0.9981486612383605,0.9764322647982289
2025-05-07,lstm_pred_sn_sm,0.03078364702617674,0.02778364702617674,1.5,1.028875317305573,1.0035611141883531
2025-06-05,lstm_pred_sn_sm,0.0644392958605089,0.06143929586050889,1.5,1.0951753182810018,1.0652192023970735
2025-07-07,lstm_pred_sn_sm,0.14348755004315245,0.14148755004315244,1.0,1.2523193415688725,1.2159344576031563
2025-08-04,lstm_pred_sn_sm,-0.12626632805938204,-0.12726632805938204,0.5,1.0941935767512279,1.0611869440231263
2025-09-29,lstm_pred_sn_sm,0.002735280525007251,0.0017352805250072509,0.5,1.0971865031323034,1.0630284010604816
2025-10-27,lstm_pred_sn_sm,0.09779352994357479,0.09579352994357479,1.0,1.2044842442800585,1.1648596440283392
2025-11-24,lstm_pred_sn_sm,-0.005485157915496447,-0.007485157915496447,1.0,1.197877457993455,1.156140485643398
2025-12-23,lstm_pred_sn_sm,0.021718900963218046,0.020718900963218045,0.5,1.2238940398696865,1.1800944458650104
2026-01-23,lstm_pred_sn_sm,-0.07117933254338696,-0.07317933254338696,1.0,1.1367780790079327,1.0937359219784508
2026-02-23,lstm_pred_sn_sm,-0.0111396882654752,-0.014139688265475198,1.5,1.1241147255807586,1.0782708369969234
2026-03-23,lstm_pred_sn_sm,-0.08761232897826712,-0.08961232897826713,1.0,1.0256284164338627,0.9816444760242836
2024-05-22,pred_final_gb_lstm_sn_sm,0.034121293310876,0.032121293310876,1.0,1.034121293310876,1.032121293310876
2024-06-21,pred_final_gb_lstm_sn_sm,-0.012413726231146255,-0.013413726231146256,0.5,1.021283994685916,1.0182767008450675
2024-07-22,pred_final_gb_lstm_sn_sm,-0.053482326277595645,-0.055482326277595646,1.0,0.9666633508600376,0.9617803406879079
2024-08-19,pred_final_gb_lstm_sn_sm,0.03480564874901535,0.03180564874901535,1.5,1.0003086959086183,0.9923703883775357
2024-09-17,pred_final_gb_lstm_sn_sm,-0.06852942086459006,-0.07052942086459006,1.0,0.9317581202921874,0.9223790796020997
2024-10-15,pred_final_gb_lstm_sn_sm,0.08135270199531591,0.07835270199531591,1.5,1.0075591609840335,0.9946499727528768
2024-11-12,pred_final_gb_lstm_sn_sm,-0.10312891890136429,-0.10612891890136429,1.5,0.9036506739825845,0.8890888464593425
2024-12-11,pred_final_gb_lstm_sn_sm,0.027567817756049502,0.0265678177560495,0.5,0.9285623510780676,0.9127099969010106
2025-02-10,pred_final_gb_lstm_sn_sm,0.021761786884084755,0.018761786884084756,1.5,0.9487695270708132,0.9298340673498411
2025-03-11,pred_final_gb_lstm_sn_sm,-0.0049093302553479545,-0.006909330255347955,1.0,0.9441117041262123,0.9234095366958476
2025-04-08,pred_final_gb_lstm_sn_sm,0.0843345772347408,0.0803345772347408,2.0,1.023732965556067,0.9975912514408364
2025-05-07,pred_final_gb_lstm_sn_sm,0.11423794875070645,0.11223794875070645,1.0,1.1406821196096695,1.109558847194206
2025-06-05,pred_final_gb_lstm_sn_sm,0.043381850385490694,0.04138185038549069,1.0,1.1901670206599804,1.1554744454026942
2025-07-07,pred_final_gb_lstm_sn_sm,0.1095975524041688,0.1075975524041688,1.0,1.320606413076476,1.2798006675935885
2025-08-04,pred_final_gb_lstm_sn_sm,-0.05925109986740024,-0.061251099867400245,1.0,1.2423590306097525,1.201411469092448
2025-09-29,pred_final_gb_lstm_sn_sm,-0.00021970343079944984,-0.00221970343079945,1.0,1.2420860800684428,1.1987446919327016
2025-10-27,pred_final_gb_lstm_sn_sm,0.151453500617185,0.150453500617185,0.5,1.4302043649626857,1.3791000271802456
2025-11-24,pred_final_gb_lstm_sn_sm,0.03471361589826784,0.030713615898267838,2.0,1.4798519299440265,1.4214571757003505
2025-12-23,pred_final_gb_lstm_sn_sm,0.0558146728784703,0.052814672878470297,1.5,1.5624493813224252,1.4965309714457187
2026-01-23,pred_final_gb_lstm_sn_sm,-0.0803510313777796,-0.0833510313777796,1.5,1.4369049620575947,1.3717935714869276
2026-02-23,pred_final_gb_lstm_sn_sm,0.009434947410451353,0.0074349474104513525,1.0,1.4504620848084246,1.3819927845489282
2026-03-23,pred_final_gb_lstm_sn_sm,0.07327398361191143,0.07027398361191142,1.5,1.556743219840376,1.4791109228420996
2024-05-22,pred_final_ens_lstm_sn_sm,0.034121293310876,0.032121293310876,1.0,1.034121293310876,1.032121293310876
2024-06-21,pred_final_ens_lstm_sn_sm,-0.01031465362957295,-0.01131465362957295,0.5,1.0234546903594084,1.0204431983733566
2024-07-22,pred_final_ens_lstm_sn_sm,-0.046081705832881195,-0.0480817058328812,1.0,0.9762921523849837,0.9713785486900045
2024-08-19,pred_final_ens_lstm_sn_sm,-0.0022296696732077986,-0.005229669673207799,1.5,0.9741153433806201,0.9662985597527157
2024-09-17,pred_final_ens_lstm_sn_sm,-0.06852942086459006,-0.07152942086459006,1.5,0.907359783043435,0.8971797833913165
2024-10-15,pred_final_ens_lstm_sn_sm,0.07190221653352685,0.06990221653352685,1.0,0.972600962637638,0.959894638879439
2024-11-12,pred_final_ens_lstm_sn_sm,-0.10312891890136429,-0.10512891890136429,1.0,0.8722976768383921,0.8589819532348281
2024-12-11,pred_final_ens_lstm_sn_sm,0.027567817756049502,0.0265678177560495,0.5,0.8963450202224982,0.8818032292241065
2025-02-10,pred_final_ens_lstm_sn_sm,0.021761786884084755,0.018761786884084756,1.5,0.9158510895271907,0.898347433484507
2025-03-11,pred_final_ens_lstm_sn_sm,-0.0530487194357243,-0.0550487194357243,1.0,0.8672663620339603,0.8488945576628153
2025-04-08,pred_final_ens_lstm_sn_sm,0.03831235667448066,0.035312356674480655,1.5,0.9004933802279848,0.8788710250620301
2025-05-07,pred_final_ens_lstm_sn_sm,0.06483255983868984,0.061832559838689835,1.5,0.9588746711859597,0.9332138703096686
2025-06-05,pred_final_ens_lstm_sn_sm,0.043381850385490694,0.04138185038549069,1.0,1.0004724287097855,0.9718319870684882
2025-07-07,pred_final_ens_lstm_sn_sm,0.14348755004315245,0.14048755004315244,1.5,1.1440277663910752,1.1083622819853087
2025-08-04,pred_final_ens_lstm_sn_sm,-0.07002990026478481,-0.07102990026478481,0.5,1.0639116160105637,1.029635419638643
2025-09-29,pred_final_ens_lstm_sn_sm,-0.00021970343079944984,-0.00221970343079945,1.0,1.063677870978459,1.0273499343651984
2025-10-27,pred_final_ens_lstm_sn_sm,0.151453500617185,0.150453500617185,0.5,1.224775608067181,1.1819183283492778
2025-11-24,pred_final_ens_lstm_sn_sm,0.03471361589826784,0.030713615898267838,2.0,1.2672919980871926,1.2182193139093205
2025-12-23,pred_final_ens_lstm_sn_sm,0.0558146728784703,0.052814672878470297,1.5,1.3380254864019323,1.2825591684676756
2026-01-23,pred_final_ens_lstm_sn_sm,-0.0803510313777796,-0.0833510313777796,1.5,1.2305137585597818,1.1756565389728675
2026-02-23,pred_final_ens_lstm_sn_sm,0.009434947410451353,0.0074349474104513525,1.0,1.2421235911596302,1.184397483512884
2026-03-23,pred_final_ens_lstm_sn_sm,0.052420304168370124,0.05042030416837012,1.0,1.3072360876229263,1.244115164887856
2024-05-22,pred_dynamic_gb_lstm_sn_sm,0.07794845144531155,0.07594845144531155,1.0,1.0779484514453115,1.0759484514453115
2024-06-21,pred_dynamic_gb_lstm_sn_sm,-0.012413726231146255,-0.013413726231146256,0.5,1.0645670944777814,1.0615159734787984
2024-07-22,pred_dynamic_gb_lstm_sn_sm,-0.053482326277595645,-0.055482326277595646,1.0,1.0076315697865288,1.002620597889368
2024-08-19,pred_dynamic_gb_lstm_sn_sm,0.03480564874901535,0.03180564874901535,1.5,1.0427028402729377,1.034509596454365
2024-09-17,pred_dynamic_gb_lstm_sn_sm,-0.06852942086459006,-0.07052942086459006,1.0,0.9712470184951701,0.9615462337375779
2024-10-15,pred_dynamic_gb_lstm_sn_sm,0.08135270199531591,0.07835270199531591,1.5,1.050260587754647,1.0368859792443366
2024-11-12,pred_dynamic_gb_lstm_sn_sm,-0.10312891890136429,-0.10612891890136429,1.5,0.9419483487747987,0.9268423912431526
2024-12-11,pred_dynamic_gb_lstm_sn_sm,0.027567817756049502,0.0265678177560495,0.5,0.9679158091894341,0.9514665709822818
2025-02-10,pred_dynamic_gb_lstm_sn_sm,0.021761786884084755,0.018761786884084756,1.5,0.9889793867507509,0.9693177840143824
2025-03-11,pred_dynamic_gb_lstm_sn_sm,0.022552683618403124,0.020552683618403123,1.0,1.011283525965263,0.9892398657549216
2025-04-08,pred_dynamic_gb_lstm_sn_sm,0.0843345772347408,0.0803345772347408,2.0,1.0965696945920016,1.068710032154095
2025-05-07,pred_dynamic_gb_lstm_sn_sm,0.11183926038351738,0.10883926038351738,1.5,1.2192092381941506,1.1850276416181917
2025-06-05,pred_dynamic_gb_lstm_sn_sm,0.043738376113670444,0.04173837611367044,1.0,1.272535470415548,1.2344887710291477
2025-07-07,pred_dynamic_gb_lstm_sn_sm,0.1095975524041688,0.1085975524041688,0.5,1.4120022433205797,1.3685512300333433
2025-08-04,pred_dynamic_gb_lstm_sn_sm,-0.05925109986740024,-0.061251099867400245,1.0,1.3283395573885988,1.2847259619689175
2025-09-29,pred_dynamic_gb_lstm_sn_sm,-0.00021970343079944984,-0.00221970343079945,1.0,1.3280477166305737,1.281874251343498
2025-10-27,pred_dynamic_gb_lstm_sn_sm,0.151453500617185,0.150453500617185,0.5,1.5291851923009336,1.4747367198091605
2025-11-24,pred_dynamic_gb_lstm_sn_sm,0.03471361589826784,0.030713615898267838,2.0,1.5822687397037873,1.5200312169724506
2025-12-23,pred_dynamic_gb_lstm_sn_sm,0.0558146728784703,0.052814672878470297,1.5,1.6705825518161836,1.6003111684619136
2026-01-23,pred_dynamic_gb_lstm_sn_sm,-0.0803510313777796,-0.0833510313777796,1.5,1.5363495207760305,1.4669235820452333
2026-02-23,pred_dynamic_gb_lstm_sn_sm,0.009434947410451353,0.0074349474104513525,1.0,1.5508448977086244,1.4778300817328907
2026-03-23,pred_dynamic_gb_lstm_sn_sm,0.07327398361191143,0.07027398361191142,1.5,1.6644814813279425,1.5816830886777777
2024-05-22,pred_dynamic_ens_lstm_sn_sm,0.034121293310876,0.032121293310876,1.0,1.034121293310876,1.032121293310876
2024-06-21,pred_dynamic_ens_lstm_sn_sm,-0.01031465362957295,-0.01131465362957295,0.5,1.0234546903594084,1.0204431983733566
2024-07-22,pred_dynamic_ens_lstm_sn_sm,-0.029072650803463496,-0.030072650803463497,0.5,0.9937001495334224,0.9897557664039053
2024-08-19,pred_dynamic_ens_lstm_sn_sm,-0.0022296696732077986,-0.005229669673207799,1.5,0.9914845264457457,0.9845796706884602
2024-09-17,pred_dynamic_ens_lstm_sn_sm,-0.06852942086459006,-0.07152942086459006,1.5,0.9235386660522165,0.9141532570490659
2024-10-15,pred_dynamic_ens_lstm_sn_sm,0.07190221653352685,0.06990221653352685,1.0,0.9899431431957875,0.9780545959681385
2024-11-12,pred_dynamic_ens_lstm_sn_sm,-0.10312891890136429,-0.10512891890136429,1.0,0.8878513770641874,0.8752327736674974
2024-12-11,pred_dynamic_ens_lstm_sn_sm,0.027567817756049502,0.0265678177560495,0.5,0.9123275020215504,0.8984857984924173
2025-02-10,pred_dynamic_ens_lstm_sn_sm,0.021761786884084755,0.018761786884084756,1.5,0.9321813786890327,0.9153429975621088
2025-03-11,pred_dynamic_ens_lstm_sn_sm,-0.051341050615579656,-0.05234105061557966,0.5,0.8843222073428583,0.867432983396094
2025-04-08,pred_dynamic_ens_lstm_sn_sm,0.12301822376714891,0.12001822376714891,1.5,0.9931099545280211,0.9715407493003321
2025-05-07,pred_dynamic_ens_lstm_sn_sm,0.07785314388264249,0.07485314388264248,1.5,1.0704266867091756,1.0442636287955602
2025-06-05,pred_dynamic_ens_lstm_sn_sm,0.043381850385490694,0.04038185038549069,1.5,1.1168637770806296,1.0864329264165922
2025-07-07,pred_dynamic_ens_lstm_sn_sm,0.1095975524041688,0.1075975524041688,1.0,1.2392693134175417,1.203330450150316
2025-08-04,pred_dynamic_ens_lstm_sn_sm,-0.05925109986740024,-0.061251099867400245,1.0,1.1658412435656342,1.1296251365746752
2025-09-29,pred_dynamic_ens_lstm_sn_sm,-0.00021970343079944984,-0.00221970343079945,1.0,1.1655851042446554,1.1271177037835032
2025-10-27,pred_dynamic_ens_lstm_sn_sm,0.151453500617185,0.150453500617185,0.5,1.342117048549755,1.2966965079253345
2025-11-24,pred_dynamic_ens_lstm_sn_sm,0.03471361589826784,0.030713615898267838,2.0,1.3887067842636283,1.3365227464063787
2025-12-23,pred_dynamic_ens_lstm_sn_sm,0.0558146728784703,0.052814672878470297,1.5,1.4662169991514151,1.4071107580524662
2026-01-23,pred_dynamic_ens_lstm_sn_sm,-0.0803510313777796,-0.0833510313777796,1.5,1.348404951045966,1.2898266251060237
2026-02-23,pred_dynamic_ens_lstm_sn_sm,0.009434947410451353,0.0074349474104513525,1.0,1.3611270808470768,1.299416418232287
2026-03-23,pred_dynamic_ens_lstm_sn_sm,0.052420304168370124,0.05042030416837012,1.0,1.4324777764368863,1.364933389280933
